# locales: en-US, fr-FR
# Generated by Scripts/Localization/locale_spreadsheet.py --export-pending --locale fr-FR
# Only rows with at least one pending (untranslated / commented-stub) cell.
# Fill blanks; re-run --import to write back into the hjson files.
Key	en-US	fr-FR
Keybinds.Open Inventory View.DisplayName	Open Inventory View	
UI.Common.DefaultOn	Default: On	
UI.Common.DefaultOff	Default: Off	
UI.Common.ShapeStraightLine	Straight Line	
UI.Common.ConnectDiameterTooltip	Connect Diameter (half shapes only)	
UI.Common.InvertSelection	Invert Selection	
UI.Common.PreservePaint	Preserve Paint	
UI.Common.ActuationIgnore	Actuation: Ignore	
UI.Common.ActuationOn	Actuation: ON	
UI.Common.ActuationOff	Actuation: OFF	
UI.Common.ChosenClickToFree	chosen — click to free	
UI.Common.ChosenNotInInventory	chosen, but not in your inventory — click to free	
UI.Common.ChosenItemFallback	chosen {0} not in inventory — using {1} instead	
UI.Common.Slice	Shape Slice	
UI.Building.Options	Building Options	
UI.Dismantling.VoidEverything	Void Everything	
UI.Dismantling.VoidEverythingTooltip	Toggle Void Everything mode. When active, dismantling operations will obliterate all tiles, walls, liquids, wires, and actuators instead of normal dismantling.	
UI.Dismantling.VoidEverythingDisabled	Void Everything requires Carefree Mode to be enabled in server config.	
UI.Replacement.Options	Replacement Options	
UI.Coating.Title	Wand of Coating	
UI.Coating.Mode	Mode	
UI.Coating.PaintTile	Paint Tile	
UI.Coating.PaintWall	Paint Wall	
UI.Coating.ScrapePaint	Scrape Paint	
UI.Coating.ScrapeMoss	Scrape Moss	
UI.Coating.HarvestMoss	Harvest Moss	
UI.Coating.PaintColor	Paint Color	
UI.Coating.CoatingType	Coating	
UI.Coating.Illuminant	Illuminant	
UI.Coating.Echo	Echo	
UI.Coating.Ignore	Ignore	
UI.Coating.On	On	
UI.Coating.Off	Off	
UI.Coating.Repaint	Repaint	
UI.Fluids.Title	Wand of Fluids	
UI.Fluids.PlaceType	Liquid Type	
UI.Fluids.Water	Water	
UI.Fluids.Lava	Lava	
UI.Fluids.Honey	Honey	
UI.Fluids.Shimmer	Shimmer	
UI.Fluids.Bubble	Bubble Block	
UI.Fluids.FillMode	Fill Mode	
UI.Fluids.FullLiquid	Full Liquid	
UI.Fluids.RainFill	Rain Fill	
UI.Fluids.PocketFill	Pocket Fill	
UI.Fluids.Operation	Operation	
UI.Fluids.Fill	Fill	
UI.Fluids.Drain	Drain	
UI.Fluids.SelectiveDrain	Selective Drain	
UI.Torches.Title	Wand of Torches	
UI.Torches.TilingStyle	Tiling Style	
UI.Torches.Manhattan	Manhattan (Diamond Lattice)	
UI.Torches.Grid	Grid (Rectangular)	
UI.Torches.SpacingX	Spacing X:	
UI.Torches.SpacingY	Spacing Y:	
UI.Torches.TorchOptions	Torch Options	
UI.Torches.BiomeTorch	Biome Torch	
UI.Torches.OverwriteTorches	Overwrite Torches	
UI.Torches.EchoCoatIgnore	Echo Coat: Ignore	
UI.Torches.EchoCoatApply	Echo Coat: Apply	
UI.Torches.EchoCoatRemove	Echo Coat: Remove	
UI.Torches.ModeHeader	Mode	
UI.Torches.ModPlace	Place	
UI.Torches.ModReplace	Replace	
UI.Torches.ModRemove	Remove	
UI.Torches.ModConvert	Convert (Biome)	
UI.Torches.ReferenceHeader	Reference Point	
UI.Torches.RefFirstValid	First Valid Tile	
UI.Torches.RefBboxTopLeft	Bbox Top-Left	
UI.Torches.RefBboxTopRight	Bbox Top-Right	
UI.Torches.RefBboxBottomLeft	Bbox Bottom-Left	
UI.Torches.RefBboxBottomRight	Bbox Bottom-Right	
UI.Torches.RefFirstClick	First Click	
UI.Torches.RefMousePos	Mouse Position	
UI.Torches.FlipTiling	Flip Tiling	
UI.Torches.AlignToExisting	Align to Existing Torches	
UI.Selection.Title	Wand of Delimitation	
UI.Selection.Mode	Mode	
UI.Selection.ModeSelection	Selection Mode	
UI.Selection.ModeCanvasEdit	Canvas Edit Mode	
UI.Selection.Operation	Operation	
UI.Selection.OpAdd	Add (Union)	
UI.Selection.OpRemove	Remove (Subtract)	
UI.Selection.OpIntersect	Intersect	
UI.Selection.OpXOR	XOR (Toggle)	
UI.Selection.Actions	Actions	
UI.Selection.ClearSelection	Clear Selection	
UI.Selection.InvertSelection	Invert Selection	
UI.Selection.ClearCanvas	Clear Canvas	
UI.Selection.ClearAll	Clear All	
UI.Selection.TeleportToPlayer	Teleport to Player	
UI.Selection.AutoCreateCanvas	Auto-Create Canvas	
UI.Selection.Status	Status	
UI.Molding.Title	Wand of Molding	
UI.Molding.Mode	Mode	
UI.Molding.ModeSelection	Selection Mode	
UI.Molding.ModeCanvasEdit	Canvas Edit Mode	
UI.Molding.Operation	Operation	
UI.Molding.OpAdd	Add (Union)	
UI.Molding.OpRemove	Remove (Subtract)	
UI.Molding.OpIntersect	Intersect	
UI.Molding.OpXOR	XOR (Toggle)	
UI.Molding.Actions	Actions	
UI.Molding.ClearSelection	Clear Selection	
UI.Molding.InvertSelection	Invert Selection	
UI.Molding.ClearCanvas	Clear Canvas	
UI.Molding.ClearAll	Clear All	
UI.Molding.TeleportToPlayer	Teleport to Player	
UI.Molding.AutoCreateCanvas	Auto-Create Canvas	
UI.Molding.Status	Status	
UI.InventoryView.ClearAllPins	Clear all pins	
UI.InventoryView.NoCandidates	No matching items in inventory	
UI.InventoryView.Building.PanelTitle	Building Blocks	
UI.InventoryView.Building.TileTitle	Tiles	
UI.InventoryView.Building.WallTitle	Walls	
UI.InventoryView.Torches.PanelTitle	Torches	
UI.InventoryView.Torches.Title	Torches	
UI.InventoryView.Replacement.PanelTitle	Replace From / To	
UI.InventoryView.Replacement.SourceTitle	Replace…	
UI.InventoryView.Replacement.TargetTitle	…with	
Configs.ResourcesConfig.EnableInfiniteResource.Label	Enable Infinite Resource Mode	
Configs.ResourcesConfig.EnableInfiniteResource.Tooltip	If enabled, building/replacement wands will stop consuming items when you hold enough in your inventory (see per-type thresholds below). Set a threshold to 0 for always-infinite.	
Configs.ResourcesConfig.InfiniteTileThreshold.Label	Tile Threshold	
Configs.ResourcesConfig.InfiniteWallThreshold.Label	Wall Threshold	
Configs.ResourcesConfig.InfiniteGrassSeedThreshold.Label	Grass Seed Threshold	
Configs.ResourcesConfig.InfiniteWireThreshold.Label	Wire Threshold	
Configs.ResourcesConfig.InfiniteActuatorThreshold.Label	Actuator Threshold	
Configs.ResourcesConfig.InfiniteTiles.Label	Infinite Tiles (Override)	
Configs.ResourcesConfig.InfiniteWalls.Label	Infinite Walls (Override)	
Configs.ResourcesConfig.InfiniteGrassSeeds.Label	Infinite Grass Seeds (Override)	
Configs.ResourcesConfig.InfiniteWires.Label	Infinite Wires (Override)	
Configs.ResourcesConfig.InfiniteActuators.Label	Infinite Actuators (Override)	
Configs.ResourcesConfig.IsInfiniteForActuators.Tooltip	""	
Configs.ResourcesConfig.IsInfiniteForActuators.Label	Is Infinite For Actuators	
Configs.ResourcesConfig.IsInfiniteForWires.Tooltip	""	
Configs.ResourcesConfig.IsInfiniteForWires.Label	Is Infinite For Wires	
Configs.SandboxConfig.SuppressDrops.Label	Suppress Tile Drops	
Configs.SandboxConfig.BypassPickaxePower.Label	Bypass Pickaxe Power	
Configs.SandboxConfig.AllowDemonAltarDestruction.Label	Allow Demon Altar Destruction	
Configs.SandboxConfig.AllowDelicateTileDestruction.Label	Allow Delicate Tile Destruction	
Configs.SandboxConfig.IgnoreLockedKeyRequirements.Label	Ignore Locked Key Requirements	
Configs.SandboxConfig.AutoOpenChestsOnDestruction.Label	Auto-Open Chests on Destruction	
Configs.SandboxConfig.VacuumItems.Label	Vacuum Dropped Items	
Configs.SandboxConfig.EnableUndoCommand.Label	Enable Undo Commands (Experimental)	
Configs.LimitsConfig.SmallSelectionCap.Label	Small Shape Cap (Elbow / Cardinal / Straight)	
Configs.LimitsConfig.BigSelectionCap.Label	Big Shape Cap (Rect / Ellipse / etc.)	
Configs.LimitsConfig.HollowSelectionCap.Label	Hollow Shape Cap	
Configs.LimitsConfig.CoatingSelectionCap.Label	Coating Wand Cap	
Configs.LimitsConfig.MoldingSelectionCap.Label	Molding Wand Cap	
Configs.LimitsConfig.DelimitationSelectionCap.Label	Delimitation Wand Cap	
Configs.LimitsConfig.MaxOutlineThickness.Label	Max Outline Thickness	
Configs.LimitsConfig.OperationCooldownTicks.Label	Operation Cooldown (ticks)	
Configs.LimitsConfig.MaxConfirmDistance.Label	Max Confirm Distance (tiles)	
Configs.LimitsConfig.SafekeepingClearThreshold.Label	Clear All Confirmation Threshold	
Configs.PerformanceConfig.EnableProgressiveMode.Label	Enable Progressive Mode	
Configs.PerformanceConfig.ProgressiveBatchSize.Label	Batch Size	
Configs.PerformanceConfig.ProgressiveInterval.Label	Batch Interval (seconds)	
Configs.StampConfig.StampChannelFrames.Label	Channel Charge Time (frames)	
Configs.StampConfig.StampRepeatFrames.Label	Repeat Interval (frames)	
Configs.StampConfig.CoatingStampChannelFrames.Label	Coating Channel Charge Time (frames)	
Configs.StampConfig.StampExecuteOnClick.Label	Execute on First Click	
Configs.TorchWheelConfig.TorchWheelSpacingS.Label	Outline Spacing (S)	
Configs.TorchWheelConfig.TorchWheelSpacingD.Label	Absolute Spacing (D)	
Configs.TorchWheelConfig.TorchWheelMaxTorches.Label	Max Torches Per Shot	
Configs.TorchWheelConfig.TorchWheelMaxTiles.Label	Max Tiles (step budget)	
Configs.TorchWheelConfig.TorchWheelMaxBacktrackSteps.Label	Max Backtrack Steps	
Configs.TorchWheelConfig.TorchWheelFriendly.Label	Torch Wheel Damages Entities	
Configs.TorchWheelConfig.UnderwaterTorchLookup.Label	Underwater Torch Lookup	
Configs.TorchWheelConfig.AutoWaterproofTorches.Label	Auto-Waterproof Torches	
Configs.TorchWheelConfig.OceanWaterproofTorch.Label	Ocean Waterproof Torch	
Configs.TorchWheelConfig.NonOceanWaterproofTorch.Label	Non-Ocean Waterproof Torch	
Configs.TorchWheelConfig.SmartBiomeTorchLookup.Label	Smart Biome Torch Lookup	
Configs.TorchWheelConfig.EvilTorchRequiresHardmode.Label	Evil Torch Requires Hardmode	
Configs.TorchWheelConfig.SubstituteCoralTorchPreHardmode.Label	Substitute Coral Torch Pre-Hardmode	
Configs.TorchWheelConfig.SmoothVisualPath.Label	Smooth Visual Path	
Configs.TorchWheelConfig.AnimateTorchWheel.Label	Animate Torch Wheel	
Configs.TorchWheelConfig.PhotosensitivityWarning.Label	Photosensitivity Warning	
Configs.CarefreeConfig.EnableCarefreeMode.Label	Enable Carefree Mode	
Configs.CarefreeConfig.CarefreeSuppressDrops.Label	Carefree: Suppress Drops	
Configs.CarefreeConfig.CarefreeSuppressDrops.Tooltip	When Carefree Mode is on, controls whether item drops are suppressed during wand operations.	
Configs.CarefreeConfig.CarefreeAllowDemonAltarDestruction.Label	Carefree: Allow Demon Altar Destruction	
Configs.CarefreeConfig.CarefreeAllowDemonAltarDestruction.Tooltip	When Carefree Mode is on, controls whether Demon/Crimson Altars can be destroyed.	
Configs.CarefreeConfig.CarefreeAllowDelicateTileDestruction.Label	Carefree: Allow Delicate Tile Destruction	
Configs.CarefreeConfig.CarefreeAllowDelicateTileDestruction.Tooltip	When Carefree Mode is on, controls whether delicate tiles (e.g. Shadow Orbs, Demon Hearts) can be destroyed.	
Configs.OverlayConfig.OverlayRenderMode.Label	Overlay Render Mode	
Configs.OverlayConfig.ShapeOverlayAlpha.Label	Shape Overlay Opacity	
Configs.OverlayConfig.NegativeSpaceAlpha.Label	Negative Space Opacity	
Configs.OverlayConfig.SelectionOverlayColor.Label	Selection Overlay Color	
Configs.OverlayConfig.UsePerFamilyOverlayColor.Label	Per-Family Overlay Color	
Configs.OverlayConfig.OverlayBrightnessMin.Label	Overlay Brightness Min	
Configs.OverlayConfig.OverlayBrightnessMax.Label	Overlay Brightness Max	
Configs.OverlayConfig.ShowTilingPreview.Label	Show Tiling Preview	
Configs.OverlayConfig.StampRenderMode.Label	Stamp Smoothing	
Configs.CanvasOverlayConfig.CanvasOutsideAlpha.Label	Outside Dimming Alpha	
Configs.CanvasOverlayConfig.CanvasFillAlpha.Label	Canvas Fill Alpha	
Configs.CanvasOverlayConfig.CanvasTileSelectionAlpha.Label	Tile Selection Alpha	
Configs.CanvasOverlayConfig.CanvasOutsideColor.Label	Outside Dimming Color	
Configs.CanvasOverlayConfig.CanvasFillColor.Label	Canvas Fill Color	
Configs.CanvasOverlayConfig.CanvasTileSelectionColor.Label	Tile Selection Color	
Configs.CanvasOverlayConfig.MoldingOutsideAlpha.Label	Outside Dimming Alpha (Molding)	
Configs.CanvasOverlayConfig.MoldingCanvasFillAlpha.Label	Canvas Fill Alpha (Molding)	
Configs.CanvasOverlayConfig.MoldingTileSelectionAlpha.Label	Tile Selection Alpha (Molding)	
Configs.CanvasOverlayConfig.MoldingOutsideColor.Label	Outside Dimming Color (Molding)	
Configs.CanvasOverlayConfig.MoldingCanvasColor.Label	Canvas Fill Color (Molding)	
Configs.CanvasOverlayConfig.MoldingTileSelectionColor.Label	Tile Selection Color (Molding)	
Configs.PreferencesConfig.ShowLoreTooltips.Label	Show Lore Tooltips	
Configs.PreferencesConfig.ShowLoreTooltips.Tooltip	When enabled, holding Shift while hovering a wand shows its lore text.\nDisable to hide lore entirely.	
Configs.PreferencesConfig.EnableWandSounds.Label	Enable Wand Sound Effects	
Configs.PreferencesConfig.EnableWandSounds.Tooltip	When enabled, wands play custom sound effects on action success.\nDisable for silent operations.	
Configs.PreferencesConfig.MaxUndoStackSize.Label	Max Undo Stack Size	
Configs.PreferencesConfig.AllowChanneling.Label	Allow Channeling	
Configs.PreferencesConfig.AllowChannelingDust.Label	Show Channeling Dust	
Configs.PreferencesConfig.AllowChannelingSound.Label	Play Channeling Sounds	
Configs.PreferencesConfig.WandVerbosity.Label	Verbose Feedback	
Configs.PreferencesConfig.DefaultShapeType.Label	Default Shape	
Configs.PreferencesConfig.DefaultShapeMode.Label	Default Fill Mode	
Configs.PreferencesConfig.RainFillSummonsClouds.Label	Summon Rain Clouds	
Configs.PreferencesConfig.RainFillSpawnDusts.Label	Spawn Rain Dusts	
Configs.PreferencesConfig.LavaRainStyle.Label	Lava Rain Style	
Configs.PreferencesConfig.BlockExhaustion.Header	Block Exhaustion Behavior	
Configs.PreferencesConfig.BlockExhaustion.Label	When You Run Out of Blocks	
Configs.InfiniteOverride.ForceOff.Tooltip	""	
Configs.InfiniteOverride.ForceOff.Label	Force Off	
Configs.InfiniteOverride.ForceOn.Tooltip	""	
Configs.InfiniteOverride.ForceOn.Label	Force On	
Configs.InfiniteOverride.Default.Tooltip	""	
Configs.InfiniteOverride.Default.Label	Default	
Configs.InfiniteOverride.Tooltip	""	
Configs.OverlayRenderMode.Tooltip	""	
Configs.OverlayRenderMode.Auto.Label	Auto	
Configs.OverlayRenderMode.Auto.Tooltip	""	
Configs.OverlayRenderMode.AlwaysFullShape.Label	Always Full Shape	
Configs.OverlayRenderMode.AlwaysFullShape.Tooltip	""	
Configs.OverlayRenderMode.AlwaysBoundingBox.Label	Always Bounding Box	
Configs.OverlayRenderMode.AlwaysBoundingBox.Tooltip	""	
Configs.StampRenderMode.Tooltip	""	
Configs.StampRenderMode.Precise.Label	Precise	
Configs.StampRenderMode.Precise.Tooltip	""	
Configs.StampRenderMode.Smooth.Label	Smooth	
Configs.StampRenderMode.Smooth.Tooltip	""	
Configs.WandConfig.DisplayName	Wand Config	
Configs.WandConfig.EnableInfiniteResource.Label	Enable Infinite Resource	
Configs.WandConfig.EnableInfiniteResource.Tooltip	""	
Configs.WandConfig.InfiniteTileThreshold.Label	Infinite Tile Threshold	
Configs.WandConfig.InfiniteTileThreshold.Tooltip	""	
Configs.WandConfig.InfiniteWallThreshold.Label	Infinite Wall Threshold	
Configs.WandConfig.InfiniteWallThreshold.Tooltip	""	
Configs.WandConfig.InfiniteGrassSeedThreshold.Label	Infinite Grass Seed Threshold	
Configs.WandConfig.InfiniteGrassSeedThreshold.Tooltip	""	
Configs.WandConfig.InfiniteWireThreshold.Label	Infinite Wire Threshold	
Configs.WandConfig.InfiniteWireThreshold.Tooltip	""	
Configs.WandConfig.InfiniteActuatorThreshold.Label	Infinite Actuator Threshold	
Configs.WandConfig.InfiniteActuatorThreshold.Tooltip	""	
Configs.WandConfig.InfiniteTiles.Label	Infinite Tiles	
Configs.WandConfig.InfiniteTiles.Tooltip	""	
Configs.WandConfig.InfiniteWalls.Label	Infinite Walls	
Configs.WandConfig.InfiniteWalls.Tooltip	""	
Configs.WandConfig.InfiniteGrassSeeds.Label	Infinite Grass Seeds	
Configs.WandConfig.InfiniteGrassSeeds.Tooltip	""	
Configs.WandConfig.InfiniteWires.Label	Infinite Wires	
Configs.WandConfig.InfiniteWires.Tooltip	""	
Configs.WandConfig.InfiniteActuators.Label	Infinite Actuators	
Configs.WandConfig.InfiniteActuators.Tooltip	""	
Configs.WandConfig.SmallSelectionCap.Label	Small Selection Cap	
Configs.WandConfig.SmallSelectionCap.Tooltip	""	
Configs.WandConfig.BigSelectionCap.Label	Big Selection Cap	
Configs.WandConfig.BigSelectionCap.Tooltip	""	
Configs.WandConfig.HollowSelectionCap.Label	Hollow Selection Cap	
Configs.WandConfig.HollowSelectionCap.Tooltip	""	
Configs.WandConfig.CoatingSelectionCap.Label	Coating Wand Cap	
Configs.WandConfig.CoatingSelectionCap.Tooltip	""	
Configs.WandConfig.SuppressDrops.Label	Suppress Drops	
Configs.WandConfig.SuppressDrops.Tooltip	""	
Configs.WandConfig.BypassPickaxePower.Label	Bypass Pickaxe Power	
Configs.WandConfig.BypassPickaxePower.Tooltip	""	
Configs.WandConfig.AllowDemonAltarDestruction.Label	Allow Demon Altar Destruction	
Configs.WandConfig.AllowDemonAltarDestruction.Tooltip	""	
Configs.WandConfig.AllowDelicateTileDestruction.Label	Allow Delicate Tile Destruction	
Configs.WandConfig.AllowDelicateTileDestruction.Tooltip	""	
Configs.WandConfig.IgnoreLockedKeyRequirements.Label	Ignore Locked Key Requirements	
Configs.WandConfig.IgnoreLockedKeyRequirements.Tooltip	""	
Configs.WandConfig.AutoOpenChestsOnDestruction.Label	Auto Open Chests On Destruction	
Configs.WandConfig.AutoOpenChestsOnDestruction.Tooltip	""	
Configs.WandConfig.VacuumItems.Label	Vacuum Items	
Configs.WandConfig.VacuumItems.Tooltip	""	
Configs.WandConfig.EnableUndoCommand.Label	Enable Undo Commands	
Configs.WandConfig.EnableUndoCommand.Tooltip	""	
Configs.WandConfig.MaxOutlineThickness.Label	Max Outline Thickness	
Configs.WandConfig.MaxOutlineThickness.Tooltip	""	
Configs.WandConfig.EnableProgressiveMode.Label	Enable Progressive Mode	
Configs.WandConfig.EnableProgressiveMode.Tooltip	""	
Configs.WandConfig.ProgressiveBatchSize.Label	Progressive Batch Size	
Configs.WandConfig.ProgressiveBatchSize.Tooltip	""	
Configs.WandConfig.ProgressiveInterval.Label	Progressive Interval	
Configs.WandConfig.ProgressiveInterval.Tooltip	""	
Configs.WandConfig.ShowLoreTooltips.Label	Show Lore Tooltips	
Configs.WandConfig.ShowLoreTooltips.Tooltip	""	
Configs.WandConfig.SafekeepingClearThreshold.Label	Safekeeping Clear Threshold	
Configs.WandConfig.SafekeepingClearThreshold.Tooltip	""	
Configs.WandConfig.EnableWandSounds.Label	Enable Wand Sounds	
Configs.WandConfig.EnableWandSounds.Tooltip	""	
Configs.WandConfig.OverlayRenderMode.Label	Overlay Render Mode	
Configs.WandConfig.OverlayRenderMode.Tooltip	""	
Configs.WandConfig.IsInfiniteForWires.Label	Is Infinite For Wires	
Configs.WandConfig.IsInfiniteForWires.Tooltip	""	
Configs.WandConfig.IsInfiniteForActuators.Label	Is Infinite For Actuators	
Configs.WandConfig.IsInfiniteForActuators.Tooltip	""	
Configs.WandConfig.EnableCarefreeMode.Label	Enable Carefree Mode	
Configs.WandConfig.EnableCarefreeMode.Tooltip	""	
Configs.WandConfig.CarefreeSuppressDrops.Label	Carefree: Suppress Drops	
Configs.WandConfig.CarefreeSuppressDrops.Tooltip	""	
Configs.WandConfig.CarefreeAllowDemonAltarDestruction.Label	Carefree: Allow Demon Altar Destruction	
Configs.WandConfig.CarefreeAllowDemonAltarDestruction.Tooltip	""	
Configs.WandConfig.CarefreeAllowDelicateTileDestruction.Label	Carefree: Allow Delicate Tile Destruction	
Configs.WandConfig.CarefreeAllowDelicateTileDestruction.Tooltip	""	
Configs.NonOceanWaterproofTorch.CoralTorch.Label	Coral Torch	
Configs.NonOceanWaterproofTorch.CoralTorch.Tooltip	""	
Configs.NonOceanWaterproofTorch.IchorTorch.Tooltip	""	
Configs.NonOceanWaterproofTorch.IchorTorch.Label	Ichor Torch	
Configs.NonOceanWaterproofTorch.CursedTorch.Tooltip	""	
Configs.NonOceanWaterproofTorch.CursedTorch.Label	Cursed Torch	
Configs.NonOceanWaterproofTorch.EvilTorch.Tooltip	""	
Configs.NonOceanWaterproofTorch.EvilTorch.Label	Evil Torch	
Configs.NonOceanWaterproofTorch.Tooltip	""	
Configs.OceanWaterproofTorch.IchorTorch.Tooltip	""	
Configs.OceanWaterproofTorch.IchorTorch.Label	Ichor Torch	
Configs.OceanWaterproofTorch.CursedTorch.Tooltip	""	
Configs.OceanWaterproofTorch.CursedTorch.Label	Cursed Torch	
Configs.OceanWaterproofTorch.EvilTorch.Tooltip	""	
Configs.OceanWaterproofTorch.EvilTorch.Label	Evil Torch	
Configs.OceanWaterproofTorch.CoralTorch.Tooltip	""	
Configs.OceanWaterproofTorch.CoralTorch.Label	Coral Torch	
Configs.OceanWaterproofTorch.Tooltip	""	
Configs.ShapeMode.Hollow.Tooltip	""	
Configs.ShapeMode.Hollow.Label	Hollow	
Configs.ShapeMode.Filled.Tooltip	""	
Configs.ShapeMode.Filled.Label	Filled	
Configs.ShapeMode.Tooltip	""	
Configs.ShapeType.Mold.Tooltip	""	
Configs.ShapeType.Mold.Label	Mold	
Configs.ShapeType.StraightLine.Tooltip	""	
Configs.ShapeType.StraightLine.Label	Straight Line	
Configs.ShapeType.CardinalLine.Tooltip	""	
Configs.ShapeType.CardinalLine.Label	Cardinal Line	
Configs.ShapeType.Elbow.Tooltip	""	
Configs.ShapeType.Elbow.Label	Elbow	
Configs.ShapeType.Triangle.Tooltip	""	
Configs.ShapeType.Triangle.Label	Triangle	
Configs.ShapeType.Diamond.Tooltip	""	
Configs.ShapeType.Diamond.Label	Diamond	
Configs.ShapeType.Ellipse.Tooltip	""	
Configs.ShapeType.Ellipse.Label	Ellipse	
Configs.ShapeType.Rectangle.Tooltip	""	
Configs.ShapeType.Rectangle.Label	Rectangle	
Configs.ShapeType.Tooltip	""	
Configs.LavaRainStyle.Embers.Label	Embers	
Configs.LavaRainStyle.Embers.Tooltip	Bright glowing core only — crisp, low-density (default).	
Configs.LavaRainStyle.SolarFlare.Label	Solar Flare	
Configs.LavaRainStyle.SolarFlare.Tooltip	Slower, larger, dreamier blobs.	
Configs.LavaRainStyle.Both.Label	Both	
Configs.LavaRainStyle.Both.Tooltip	Combined layered look — denser, busier.	
Configs.LavaRainStyle.Tooltip	""	
Configs.BlockExhaustionMode.NextBlock.Label	Next Block	
Configs.BlockExhaustionMode.NextBlock.Tooltip	Auto-switch to the next matching block in inventory and continue (default).	
Configs.BlockExhaustionMode.Cancel.Label	Cancel	
Configs.BlockExhaustionMode.Cancel.Tooltip	Pre-check stock and refuse to start unless every tile can be placed.	
Configs.BlockExhaustionMode.Interrupt.Label	Interrupt	
Configs.BlockExhaustionMode.Interrupt.Tooltip	Stop at the first missing block, leaving placed tiles in place.	
Configs.BlockExhaustionMode.Tooltip	""	
Items.WandOfCoatingInstant.DisplayName	Wand of Coating (Instant)	
Items.WandOfCoatingInstant.Tooltip	Paints, scrapes, or de-mosses tiles and walls in a selected area	
Items.WandOfCoatingSelect.DisplayName	Wand of Coating (Select)	
Items.WandOfCoatingSelect.Tooltip	Paints, scrapes, or de-mosses tiles and walls in a selected area	
Items.WandOfCoatingConfirm.DisplayName	Wand of Coating (Confirm)	
Items.WandOfCoatingConfirm.Tooltip	Paints, scrapes, or de-mosses tiles and walls in a selected area	
Items.WandOfCoatingStamp.DisplayName	Wand of Coating (Stamp)	
Items.WandOfCoatingStamp.Tooltip	Define a coating area once, then stamp it repeatedly	
Items.WandOfFluidsConfirm.DisplayName	Wand Of Fluids Confirm	
Items.WandOfFluidsConfirm.Tooltip	""	
Items.WandOfFluidsInstant.DisplayName	Wand Of Fluids Instant	
Items.WandOfFluidsInstant.Tooltip	""	
Items.WandOfFluidsSelect.DisplayName	Wand Of Fluids Select	
Items.WandOfFluidsSelect.Tooltip	""	
Items.WandOfFluidsStamp.DisplayName	Wand Of Fluids Stamp	
Items.WandOfFluidsStamp.Tooltip	""	
Items.WandOfTorchesInstant.DisplayName	Wand of Torches (Instant)	
Items.WandOfTorchesInstant.Tooltip	Places torches in a tiling pattern across a selected area	
Items.WandOfTorchesSelect.DisplayName	Wand of Torches (Select)	
Items.WandOfTorchesSelect.Tooltip	Places torches in a tiling pattern across a selected area	
Items.WandOfTorchesConfirm.DisplayName	Wand of Torches (Confirm)	
Items.WandOfTorchesConfirm.Tooltip	Places torches in a tiling pattern across a selected area	
Items.WandOfTorchesStamp.DisplayName	Wand of Torches (Stamp)	
Items.WandOfTorchesStamp.Tooltip	Define a torch pattern once, then stamp it repeatedly	
Items.TorchWheelWandSolid.DisplayName	Torch Wheel Wand (Tiles)	
Items.TorchWheelWandSolidPlatforms.DisplayName	Torch Wheel Wand (Platforms)	
Items.WandOfDelimitationInstant.DisplayName	Wand of Delimitation (Instant)	
Items.WandOfDelimitationInstant.Tooltip	Defines canvas and selection regions using geometric shapes	
Items.WandOfDelimitationSelect.DisplayName	Wand of Delimitation (Select)	
Items.WandOfDelimitationSelect.Tooltip	Defines canvas and selection regions using geometric shapes	
Items.WandOfDelimitationConfirm.DisplayName	Wand of Delimitation (Confirm)	
Items.WandOfDelimitationConfirm.Tooltip	Defines canvas and selection regions using geometric shapes	
Items.WandOfDelimitationStamp.DisplayName	Wand of Delimitation (Stamp)	
Items.WandOfDelimitationStamp.Tooltip	Define a selection shape once, then stamp it repeatedly	
Items.TorchWheelWandPlatform.DisplayName	Torch Wheel Wand (Platform)	
Items.TorchWheelWandPlatform.Tooltip	""	
Items.WandOfMoldingInstant.DisplayName	Wand of Molding (Instant)	
Items.WandOfMoldingInstant.Tooltip	Sculpts custom shapes from geometric primitives for use with Stamp wands	
Items.WandOfMoldingSelect.DisplayName	Wand of Molding (Select)	
Items.WandOfMoldingSelect.Tooltip	Sculpts custom shapes from geometric primitives for use with Stamp wands	
Items.WandOfMoldingConfirm.DisplayName	Wand of Molding (Confirm)	
Items.WandOfMoldingConfirm.Tooltip	Sculpts custom shapes from geometric primitives for use with Stamp wands	
Items.WandOfMoldingStamp.DisplayName	Wand of Molding (Stamp)	
Items.WandOfMoldingStamp.Tooltip	Define a mold shape once, then stamp it repeatedly	
Messages.InventoryViewNoParticipant	The block picker is only available for the Wand of Building, Wand of Replacement, and Wand of Torches.	
Messages.ChosenMissingUnderInterrupt	chosen item is not in inventory — Interrupt mode will not substitute. Operation cancelled.	
Messages.VoidRequiresCarefree	Void Everything requires Carefree Mode to be enabled.	
Messages.VoidSinglePlayerOnly	Void Everything is currently only available in single-player.	
Messages.NoSelectionActive	No selection is active. Use a wand to select an area first.	
Messages.NothingToVoid	Nothing to void in the selected area.	
Messages.CoatingNoChanges	No changes made.	
Messages.CoatingPaintedTiles	Painted {0} tiles.	
Messages.CoatingPaintedWalls	Painted {0} walls.	
Messages.CoatingScrapedPaint	Scraped paint from {0} positions.	
Messages.CoatingScrapedMoss	Removed moss from {0} tiles.	
Messages.CoatingHarvestedMoss	Harvested moss from {0} tiles.	
Messages.NoTilesInSelection	No tiles in selection area.	
Messages.DelimitationFilterActive	No action executed. Delimitation Area is active and does not overlap with the selection.	
Messages.FluidsNoTiles	No tiles in selection.	
Messages.FluidsInvalidRegion	Invalid region.	
Messages.FluidsNoSeeds	No valid seed positions — all top tiles are solid.	
Messages.FluidsNoBasins	No basins found — liquid cannot settle in this terrain.	
Messages.FluidsNoPockets	No enclosed pockets found in this terrain.	
Messages.FluidsFilled	Filled {0} tiles with {1}.	
Messages.FluidsRainFilled	Rain Fill: {0} tiles filled ({1} columns seeded, {2} basins analyzed).	
Messages.FluidsPocketFilled	Pocket Fill: {0} tiles filled ({1} pocket cells analyzed).	
Messages.FluidsDrained	Drained {0} tiles.	
Messages.FluidsBubblePlaced	Placed {0} bubble blocks.	
Messages.FluidsBubbleRemoved	Removed {0} bubble blocks.	
Messages.FluidsBubbleCoated	Coated selection with {0} bubble blocks.	
Messages.FluidsMixed	Mixed {0} tiles into blocks + filled {1} tiles with {2}.	
Messages.FluidsMixedOnly	Mixed {0} tiles into blocks.	
Messages.TorchesNoTorchItem	No torch found in inventory.	
Messages.TorchesNoValidPositions	No valid torch positions in selection.	
Messages.TorchesNonePlaced	No torches could be placed.	
Messages.TorchesPlaced	Placed {0} torches.	
Messages.TorchesNoneReplaced	No torches were replaced.	
Messages.TorchesReplaced	Replaced {0} torches.	
Messages.TorchesNoneRemoved	No torches found to remove.	
Messages.TorchesRemoved	Removed {0} torches.	
Messages.TorchesNoneConverted	No torches to convert (already biome-matched).	
Messages.TorchesConverted	Converted {0} torches to biome variant.	
Messages.SuppressDropsOn	Suppress Drops: ON — tile drops are suppressed.	
Messages.SuppressDropsOff	Suppress Drops: OFF — tile drops are enabled.	
Messages.SelectClickEnd	Selection: click to set end point.	
Messages.SelectClickConfirm	Selection: click to confirm and apply.	
Messages.NoTilesInShape	No tiles in shape.	
Messages.MoldingHintTooFar	No cells added — canvas is far away. Use 'Teleport to Player' in the Molding panel to bring it closer.	
Messages.MoldingHintExpandCanvas	No cells added — shape is outside the canvas. Switch to Canvas Edit mode to expand the canvas first.	
Messages.MoldingNoChange	Mold: no change (tiles already match the current selection).	
Messages.LoreCommon	The Gods of Space let you enact your thoughts into reality.	
Messages.LoreBuilding	The Deity of Creation lets you manifest order and existence at will.	
Messages.LoreDismantling	The Deity of Erasure lets you restore nothingness as you wish.	
Messages.LoreReplacement	The Deity of Transmutation lets you reweave the threads of what already is.	
Messages.LoreWiring	An advanced mechanism wrench, refined beyond the Grand Design. Where gods shape matter, engineers shape purpose.	
Messages.LoreSafekeeping	The Deity of Timelessness lets you separate space from the powers of creation.	
Messages.LoreCoating	The Deity of Chromas lets you dress the world in colours of your choosing.	
Messages.LoreFluids	The Deity of Tides lets you command the flowing matter.	
Messages.LoreTorches	The Torch God lets you spread light across the world with ease. Or awaken their wrath if you dare.	
Messages.LoreDelimitation	The Architect of Boundaries lets you define the canvas of creation.	
Messages.LoreMolding	The Sculptor of Forms lets you mold the blueprints of creation.	
Messages.LoreShiftHint	"[c/888888:Hold [Shift] for lore]"	
Messages.TorchWheelModeTiles	"[c/FFFF00:Mode: Tiles]"	
Messages.TorchWheelModePlatforms	"[c/ADD8E6:Mode: Platforms]"	
Messages.TorchWheelCycleHint	Right-click in inventory to cycle modes	
Messages.TorchWheelKillHint	Shift + Right-click (held) to kill all projectiles	
Messages.TorchWheelSwitchToTiles	Torch Wheel Mode: Tiles	
Messages.TorchWheelSwitchToPlatforms	Torch Wheel Mode: Platforms	
