# locales: en-US, de-DE, es-ES, fr-FR, it-IT, pl-PL, pt-BR, ru-RU, zh-Hans
# Generated by Scripts/Localization/locale_spreadsheet.py --export
# Empty cell in a non-English column => commented-out stub in that locale's hjson.
# DO NOT edit the en-US column here; edit the .hjson and re-run --export.
Key	en-US	de-DE	es-ES	fr-FR	it-IT	pl-PL	pt-BR	ru-RU	zh-Hans
Keybinds.Increase Thickness.DisplayName	Increase  Thickness		Aumentar Grosor	Augmenter l'épaisseur					
Keybinds.Decrease Thickness.DisplayName	Decrease  Thickness		Disminuir Grosor	Diminuer l'épaisseur					
Keybinds.Open Wand Settings.DisplayName	Open Wand Settings		Abrir Configuración de Varita	Ouvrir les paramètres de la baguette					
Keybinds.Undo Selection Step.DisplayName	Undo Selection Step		Deshacer Paso de Selección	Annuler l'étape de sélection					
Keybinds.Toggle Suppress Drops.DisplayName	Toggle Suppress Drops		Alternar Suprimir Objetos	Activer/Désactiver la suppression des drops					
RecipeGroups.AnyGemstone	Any Gemstone		Gema Cualquiera	N'importe quelle gemme					
RecipeGroups.AnyWandOfBuilding	Any Wand of Building		Cualquier Varita de Construcción	N'importe quelle baguette de construction					
RecipeGroups.AnyWandOfDismantling	Any Wand of Dismantling		Cualquier Varita de Desmantelamiento	N'importe quelle baguette de démantèlement					
UI.Common.Shape	Shape		Forma	Forme					
UI.Common.OutlineThickness	Outline Thickness:			Épaisseur du contour :					
UI.Common.Close	Close		Cerrar	Fermer					
UI.Common.DefaultOn	Default: On								
UI.Common.DefaultOff	Default: Off								
UI.Common.ShapeRectFilled	Rectangle (Filled)		Rectángulo (Relleno)	Rectangle (Plein)					
UI.Common.ShapeRectHollow	Rectangle (Hollow)		Rectángulo (Hueco)	Rectangle (Vide)					
UI.Common.ShapeEllipseFilled	Ellipse (Filled)		Elipse (Rellena)	Ellipse (Pleine)					
UI.Common.ShapeEllipseHollow	Ellipse (Hollow)		Elipse (Hueca)	Ellipse (Vide)					
UI.Common.ShapeDiamondFilled	Diamond (Filled)		Diamante (Relleno)	Diamant (Plein)					
UI.Common.ShapeDiamondHollow	Diamond (Hollow)		Diamante (Hueco)	Diamant (Vide)					
UI.Common.ShapeTriangleFilled	Triangle (Filled)		Triángulo (Relleno)	Triangle (Plein)					
UI.Common.ShapeTriangleHollow	Triangle (Hollow)		Triángulo (Hueco)	Triangle (Vide)					
UI.Common.ShapeElbow	Elbow		Codo	Coude					
UI.Common.ShapeCardinal	Cardinal Line		Línea Cardinal	Ligne cardinale					
UI.Common.ShapeStraightLine	Straight Line								
UI.Common.ShapeMold	Mold (from Wand of Molding)	Form (benutzerdefiniert)	Molde (forma personalizada)	Moule (forme personnalisée)	Stampo (forma personalizzata)	Forma (niestandardowy kształt)	Molde (formato personalizado)	Шаблон (произвольная форма)	模具（自定义形状）
UI.Common.EqualDimensions	Equal Dimensions		Igualar Dimensiones	Dimensions égales					
UI.Common.ConnectDiameter	Connect Diameter		Conectar Diámetro	Connecter le diamètre					
UI.Common.ConnectDiameterTooltip	Connect Diameter (half shapes only)								
UI.Common.InvertSelection	Invert Selection								
UI.Common.PreservePaint	Preserve Paint								
UI.Common.ActuationIgnore	Actuation: Ignore								
UI.Common.ActuationOn	Actuation: ON								
UI.Common.ActuationOff	Actuation: OFF								
UI.Common.ShapeOptions	Shape Options		Opciones de Forma	Options de forme					
UI.Common.Slice	Shape Slice								
UI.Building.Title	Wand of Building		Varita de Construcción	Baguette de construction					
UI.Building.ObjectType	Object Type		Tipo de Objeto	Type d'objet					
UI.Building.SolidBlock	Solid Block		Bloque Sólido	Bloc solide					
UI.Building.Platform	Platform		Plataforma	Plateforme					
UI.Building.Rope	Rope		Cuerda	Corde					
UI.Building.Rail	Rail		Riel	Rail					
UI.Building.GrassSeed	Grass Seed		Semilla de Hierba	Graine d'herbe					
UI.Building.PlanterBox	Planter Box		Macetero	Bac à plantation					
UI.Building.Wall	Wall		Pared	Mur					
UI.Building.Slope	Slope		Rampa	Pente					
UI.Building.SlopeDefault	Full Block		Bloque Completo	Bloc complet					
UI.Building.SlopeHalf	Half Block		Medio Bloque	Demi-bloc					
UI.Building.SlopeBottomRight	Slope ◣ (Down-Right)		Rampa ◣ (Abajo-Derecha)	Pente ◣ (Bas-Droite)					
UI.Building.SlopeBottomLeft	Slope ◢ (Down-Left)		Rampa ◢ (Abajo-Izquierda)	Pente ◢ (Bas-Gauche)					
UI.Building.SlopeTopRight	Slope ◤ (Up-Right)		Rampa ◤ (Arriba-Derecha)	Pente ◤ (Haut-Droite)					
UI.Building.SlopeTopLeft	Slope ◥ (Up-Left)		Rampa ◥ (Arriba-Izquierda)	Pente ◥ (Haut-Gauche)					
UI.Building.OverwriteSlope	Overwrite Slope		Sobrescribir Rampa	Remplacer la pente					
UI.Building.Options	Building Options								
UI.Dismantling.Title	Wand of Dismantling		Varita de Desmantelamiento	Baguette de démantèlement					
UI.Dismantling.Options	Options		Opciones	Options					
UI.Dismantling.DestroyTiles	Destroy Tiles		Destruir Bloques	Détruire les blocs					
UI.Dismantling.DestroyWalls	Destroy Walls		Destruir Paredes	Détruire les murs					
UI.Dismantling.DestroyContainers	Destroy Chests		Destruir Cofres	Détruire les coffres					
UI.Dismantling.DestroyContainersTooltip	Only active when Destroy Tiles is also enabled		Solo activo cuando Destruir Bloques también está activado	Actif uniquement lorsque Détruire les blocs est également activé					
UI.Dismantling.VoidEverything	Void Everything								
UI.Dismantling.VoidEverythingTooltip	Toggle Void Everything mode. When active, dismantling operations will obliterate all tiles, walls, liquids, wires, and actuators instead of normal dismantling.								
UI.Dismantling.VoidEverythingDisabled	Void Everything requires Carefree Mode to be enabled in server config.								
UI.Replacement.Title	Wand of Replacement		Varita de Reemplazo	Baguette de remplacement					
UI.Replacement.SourceType	Source Type (Find)		Tipo Origen (Buscar)	Type source (Rechercher)					
UI.Replacement.TargetType	Target Type (Replace)		Tipo Destino (Reemplazar)	Type cible (Remplacer)					
UI.Replacement.Tile	Tile		Bloque	Bloc					
UI.Replacement.Platform	Platform		Plataforma	Plateforme					
UI.Replacement.Rope	Rope		Cuerda	Corde					
UI.Replacement.Planter	Planter		Macetero	Bac					
UI.Replacement.Rail	Rail		Riel	Rail					
UI.Replacement.Seeds	Seeds		Semillas	Graines					
UI.Replacement.Air	Air (Remove)		Aire (Eliminar)	Air (Supprimer)					
UI.Replacement.Wall	Wall		Pared	Mur					
UI.Replacement.Options	Replacement Options								
UI.Replacement.SameType	Same Type		Mismo Tipo	Même Type					
UI.Wiring.Title	Wand of Wiring		Varita de Cableado	Baguette de câblage					
UI.Wiring.WireTypes	Wire Types		Tipos de Cable	Types de fil					
UI.Wiring.RedWire	Red Wire		Cable Rojo	Fil rouge					
UI.Wiring.GreenWire	Green Wire		Cable Verde	Fil vert					
UI.Wiring.BlueWire	Blue Wire		Cable Azul	Fil bleu					
UI.Wiring.YellowWire	Yellow Wire		Cable Amarillo	Fil jaune					
UI.Wiring.Actuator	Actuator		Actuador	Actionneur					
UI.Wiring.Mode	Mode		Modo	Mode					
UI.Wiring.Place	Place		Colocar	Placer					
UI.Wiring.Remove	Remove		Quitar	Retirer					
UI.Safekeeping.Title	Wand of Safekeeping		Varita de Preservación	Baguette de préservation					
UI.Safekeeping.Mode	Mode		Modo	Mode					
UI.Safekeeping.Protect	Protect		Proteger	Protéger					
UI.Safekeeping.Unprotect	Unprotect		Desproteger	Déprotéger					
UI.Safekeeping.ProtectTiles	Protect Tiles		Proteger Bloques	Protéger les blocs					
UI.Safekeeping.ProtectWalls	Protect Walls		Proteger Paredes	Protéger les murs					
UI.Safekeeping.ClearAll	Clear All		Desproteger Todo	Tout déprotéger					
UI.Safekeeping.ClearConfirm	Click to Confirm!		clic para confirmar	Cliquez pour confirmer !					
UI.Coating.Title	Wand of Coating								
UI.Coating.Mode	Mode								
UI.Coating.PaintTile	Paint Tile								
UI.Coating.PaintWall	Paint Wall								
UI.Coating.ScrapePaint	Scrape Paint								
UI.Coating.ScrapeMoss	Scrape Moss								
UI.Coating.HarvestMoss	Harvest Moss								
UI.Coating.PaintColor	Paint Color								
UI.Coating.CoatingType	Coating								
UI.Coating.Illuminant	Illuminant								
UI.Coating.Echo	Echo								
UI.Coating.Ignore	Ignore								
UI.Coating.On	On								
UI.Coating.Off	Off								
UI.Coating.Repaint	Repaint								
UI.Fluids.Title	Wand of Fluids								
UI.Fluids.PlaceType	Liquid Type								
UI.Fluids.Water	Water								
UI.Fluids.Lava	Lava								
UI.Fluids.Honey	Honey								
UI.Fluids.Shimmer	Shimmer								
UI.Fluids.Bubble	Bubble Block								
UI.Fluids.FillMode	Fill Mode								
UI.Fluids.FullLiquid	Full Liquid								
UI.Fluids.RainFill	Rain Fill								
UI.Fluids.PocketFill	Pocket Fill								
UI.Fluids.Operation	Operation								
UI.Fluids.Fill	Fill								
UI.Fluids.Drain	Drain								
UI.Fluids.FluidOptions	Fluid Options	Flüssigkeitsoptionen	Opciones de Fluidos	Options de Fluides	Opzioni Fluidi	Opcje Płynów	Opções de Fluidos	Настройки жидкостей	流体选项
UI.Fluids.CoatInBubble	Coat in Bubble	Mit Blase umhüllen	Recubrir con Burbuja	Enrober de Bulle	Rivestimento a Bolla	Otocz Bąbelkiem	Revestir com Bolha	Обернуть пузырём	气泡包覆
UI.Fluids.MixLiquids	Mix Liquids	Flüssigkeiten Mischen	Mezclar Líquidos	Mélanger les Liquides	Miscela Liquidi	Mieszanie Płynów	Misturar Líquidos	Смешать жидкости	混合液体
UI.Fluids.SelectiveDrain	Selective Drain								
UI.Torches.Title	Wand of Torches								
UI.Torches.TilingStyle	Tiling Style								
UI.Torches.Manhattan	Manhattan (Diamond Lattice)								
UI.Torches.Grid	Grid (Rectangular)								
UI.Torches.SpacingX	Spacing X:								
UI.Torches.SpacingY	Spacing Y:								
UI.Torches.TorchOptions	Torch Options								
UI.Torches.BiomeTorch	Biome Torch								
UI.Torches.OverwriteTorches	Overwrite Torches								
UI.Torches.EchoCoatIgnore	Echo Coat: Ignore								
UI.Torches.EchoCoatApply	Echo Coat: Apply								
UI.Torches.EchoCoatRemove	Echo Coat: Remove								
UI.Torches.ModeHeader	Mode								
UI.Torches.ModPlace	Place								
UI.Torches.ModReplace	Replace								
UI.Torches.ModRemove	Remove								
UI.Torches.ModConvert	Convert (Biome)								
UI.Torches.ReferenceHeader	Reference Point								
UI.Torches.RefFirstValid	First Valid Tile								
UI.Torches.RefBboxTopLeft	Bbox Top-Left								
UI.Torches.RefBboxTopRight	Bbox Top-Right								
UI.Torches.RefBboxBottomLeft	Bbox Bottom-Left								
UI.Torches.RefBboxBottomRight	Bbox Bottom-Right								
UI.Torches.RefFirstClick	First Click								
UI.Torches.RefMousePos	Mouse Position								
UI.Torches.FlipTiling	Flip Tiling								
UI.Torches.AlignToExisting	Align to Existing Torches								
UI.Selection.Title	Wand of Delimitation								
UI.Selection.Mode	Mode								
UI.Selection.ModeSelection	Selection Mode								
UI.Selection.ModeCanvasEdit	Canvas Edit Mode								
UI.Selection.Operation	Operation								
UI.Selection.OpAdd	Add (Union)								
UI.Selection.OpRemove	Remove (Subtract)								
UI.Selection.OpIntersect	Intersect								
UI.Selection.OpXOR	XOR (Toggle)								
UI.Selection.Actions	Actions								
UI.Selection.ClearSelection	Clear Selection								
UI.Selection.InvertSelection	Invert Selection								
UI.Selection.ClearCanvas	Clear Canvas								
UI.Selection.ClearAll	Clear All								
UI.Selection.TeleportToPlayer	Teleport to Player								
UI.Selection.AutoCreateCanvas	Auto-Create Canvas								
UI.Selection.Status	Status								
UI.Molding.Title	Wand of Molding								
UI.Molding.Mode	Mode								
UI.Molding.ModeSelection	Selection Mode								
UI.Molding.ModeCanvasEdit	Canvas Edit Mode								
UI.Molding.Operation	Operation								
UI.Molding.OpAdd	Add (Union)								
UI.Molding.OpRemove	Remove (Subtract)								
UI.Molding.OpIntersect	Intersect								
UI.Molding.OpXOR	XOR (Toggle)								
UI.Molding.Actions	Actions								
UI.Molding.ClearSelection	Clear Selection								
UI.Molding.InvertSelection	Invert Selection								
UI.Molding.ClearCanvas	Clear Canvas								
UI.Molding.ClearAll	Clear All								
UI.Molding.TeleportToPlayer	Teleport to Player								
UI.Molding.AutoCreateCanvas	Auto-Create Canvas								
UI.Molding.Status	Status								
Configs.ResourcesConfig.DisplayName	Resources	Resources	Resources	Resources	Resources	Resources	Resources	Resources	Resources
Configs.ResourcesConfig.EnableInfiniteResource.Label	Enable Infinite Resource Mode								
Configs.ResourcesConfig.EnableInfiniteResource.Tooltip	If enabled, building/replacement wands will stop consuming items when you hold enough in your inventory (see per-type thresholds below). Set a threshold to 0 for always-infinite.								
Configs.ResourcesConfig.InfiniteTileThreshold.Label	Tile Threshold								
Configs.ResourcesConfig.InfiniteWallThreshold.Label	Wall Threshold								
Configs.ResourcesConfig.InfiniteGrassSeedThreshold.Label	Grass Seed Threshold								
Configs.ResourcesConfig.InfiniteWireThreshold.Label	Wire Threshold								
Configs.ResourcesConfig.InfiniteActuatorThreshold.Label	Actuator Threshold								
Configs.ResourcesConfig.InfiniteTiles.Label	Infinite Tiles (Override)								
Configs.ResourcesConfig.InfiniteWalls.Label	Infinite Walls (Override)								
Configs.ResourcesConfig.InfiniteGrassSeeds.Label	Infinite Grass Seeds (Override)								
Configs.ResourcesConfig.InfiniteWires.Label	Infinite Wires (Override)								
Configs.ResourcesConfig.InfiniteActuators.Label	Infinite Actuators (Override)								
Configs.ResourcesConfig.IsInfiniteForActuators.Tooltip	""								
Configs.ResourcesConfig.IsInfiniteForActuators.Label	Is Infinite For Actuators								
Configs.ResourcesConfig.IsInfiniteForWires.Tooltip	""								
Configs.ResourcesConfig.IsInfiniteForWires.Label	Is Infinite For Wires								
Configs.SandboxConfig.DisplayName	Sandbox	Sandbox	Sandbox	Sandbox	Sandbox	Sandbox	Sandbox	Sandbox	Sandbox
Configs.SandboxConfig.SuppressDrops.Label	Suppress Tile Drops								
Configs.SandboxConfig.BypassPickaxePower.Label	Bypass Pickaxe Power								
Configs.SandboxConfig.AllowDemonAltarDestruction.Label	Allow Demon Altar Destruction								
Configs.SandboxConfig.AllowDelicateTileDestruction.Label	Allow Delicate Tile Destruction								
Configs.SandboxConfig.IgnoreLockedKeyRequirements.Label	Ignore Locked Key Requirements								
Configs.SandboxConfig.AutoOpenChestsOnDestruction.Label	Auto-Open Chests on Destruction								
Configs.SandboxConfig.VacuumItems.Label	Vacuum Dropped Items								
Configs.SandboxConfig.EnableUndoCommand.Label	Enable Undo Commands (Experimental)								
Configs.LimitsConfig.DisplayName	Limits	Limits	Limits	Limits	Limits	Limits	Limits	Limits	Limits
Configs.LimitsConfig.SmallSelectionCap.Label	Small Shape Cap (Elbow / Cardinal / Straight)								
Configs.LimitsConfig.BigSelectionCap.Label	Big Shape Cap (Rect / Ellipse / etc.)								
Configs.LimitsConfig.HollowSelectionCap.Label	Hollow Shape Cap								
Configs.LimitsConfig.CoatingSelectionCap.Label	Coating Wand Cap								
Configs.LimitsConfig.MoldingSelectionCap.Label	Molding Wand Cap								
Configs.LimitsConfig.DelimitationSelectionCap.Label	Delimitation Wand Cap								
Configs.LimitsConfig.MaxOutlineThickness.Label	Max Outline Thickness								
Configs.LimitsConfig.OperationCooldownTicks.Label	Operation Cooldown (ticks)								
Configs.LimitsConfig.MaxConfirmDistance.Label	Max Confirm Distance (tiles)								
Configs.LimitsConfig.SafekeepingClearThreshold.Label	Clear All Confirmation Threshold								
Configs.PerformanceConfig.DisplayName	Performance	Performance	Performance	Performance	Performance	Performance	Performance	Performance	Performance
Configs.PerformanceConfig.EnableProgressiveMode.Label	Enable Progressive Mode								
Configs.PerformanceConfig.ProgressiveBatchSize.Label	Batch Size								
Configs.PerformanceConfig.ProgressiveInterval.Label	Batch Interval (seconds)								
Configs.StampConfig.DisplayName	Stamp	Stamp	Stamp	Stamp	Stamp	Stamp	Stamp	Stamp	Stamp
Configs.StampConfig.StampChannelFrames.Label	Channel Charge Time (frames)								
Configs.StampConfig.StampRepeatFrames.Label	Repeat Interval (frames)								
Configs.StampConfig.CoatingStampChannelFrames.Label	Coating Channel Charge Time (frames)								
Configs.StampConfig.StampExecuteOnClick.Label	Execute on First Click								
Configs.TorchWheelConfig.DisplayName	Torch Wheel	Torch Wheel	Torch Wheel	Torch Wheel	Torch Wheel	Torch Wheel	Torch Wheel	Torch Wheel	Torch Wheel
Configs.TorchWheelConfig.TorchWheelSpacingS.Label	Outline Spacing (S)								
Configs.TorchWheelConfig.TorchWheelSpacingD.Label	Absolute Spacing (D)								
Configs.TorchWheelConfig.TorchWheelMaxTorches.Label	Max Torches Per Shot								
Configs.TorchWheelConfig.TorchWheelMaxTiles.Label	Max Tiles (step budget)								
Configs.TorchWheelConfig.TorchWheelMaxBacktrackSteps.Label	Max Backtrack Steps								
Configs.TorchWheelConfig.TorchWheelFriendly.Label	Torch Wheel Damages Entities								
Configs.TorchWheelConfig.UnderwaterTorchLookup.Label	Underwater Torch Lookup								
Configs.TorchWheelConfig.AutoWaterproofTorches.Label	Auto-Waterproof Torches								
Configs.TorchWheelConfig.OceanWaterproofTorch.Label	Ocean Waterproof Torch								
Configs.TorchWheelConfig.NonOceanWaterproofTorch.Label	Non-Ocean Waterproof Torch								
Configs.TorchWheelConfig.SmartBiomeTorchLookup.Label	Smart Biome Torch Lookup								
Configs.TorchWheelConfig.EvilTorchRequiresHardmode.Label	Evil Torch Requires Hardmode								
Configs.TorchWheelConfig.SubstituteCoralTorchPreHardmode.Label	Substitute Coral Torch Pre-Hardmode								
Configs.TorchWheelConfig.SmoothVisualPath.Label	Smooth Visual Path								
Configs.TorchWheelConfig.AnimateTorchWheel.Label	Animate Torch Wheel								
Configs.TorchWheelConfig.PhotosensitivityWarning.Label	Photosensitivity Warning								
Configs.CarefreeConfig.DisplayName	Carefree Mode	Carefree Mode	Carefree Mode	Carefree Mode	Carefree Mode	Carefree Mode	Carefree Mode	Carefree Mode	Carefree Mode
Configs.CarefreeConfig.EnableCarefreeMode.Label	Enable Carefree Mode								
Configs.CarefreeConfig.CarefreeSuppressDrops.Label	Carefree: Suppress Drops								
Configs.CarefreeConfig.CarefreeSuppressDrops.Tooltip	When Carefree Mode is on, controls whether item drops are suppressed during wand operations.								
Configs.CarefreeConfig.CarefreeAllowDemonAltarDestruction.Label	Carefree: Allow Demon Altar Destruction								
Configs.CarefreeConfig.CarefreeAllowDemonAltarDestruction.Tooltip	When Carefree Mode is on, controls whether Demon/Crimson Altars can be destroyed.								
Configs.CarefreeConfig.CarefreeAllowDelicateTileDestruction.Label	Carefree: Allow Delicate Tile Destruction								
Configs.CarefreeConfig.CarefreeAllowDelicateTileDestruction.Tooltip	When Carefree Mode is on, controls whether delicate tiles (e.g. Shadow Orbs, Demon Hearts) can be destroyed.								
Configs.OverlayConfig.DisplayName	Overlay	Overlay	Overlay	Overlay	Overlay	Overlay	Overlay	Overlay	Overlay
Configs.OverlayConfig.OverlayRenderMode.Label	Overlay Render Mode								
Configs.OverlayConfig.ShapeOverlayAlpha.Label	Shape Overlay Opacity								
Configs.OverlayConfig.NegativeSpaceAlpha.Label	Negative Space Opacity								
Configs.OverlayConfig.SelectionOverlayColor.Label	Selection Overlay Color								
Configs.OverlayConfig.UsePerFamilyOverlayColor.Label	Per-Family Overlay Color								
Configs.OverlayConfig.OverlayBrightnessMin.Label	Overlay Brightness Min								
Configs.OverlayConfig.OverlayBrightnessMax.Label	Overlay Brightness Max								
Configs.OverlayConfig.ShowTilingPreview.Label	Show Tiling Preview								
Configs.OverlayConfig.StampRenderMode.Label	Stamp Smoothing								
Configs.CanvasOverlayConfig.DisplayName	Canvas Overlay	Canvas Overlay	Canvas Overlay	Canvas Overlay	Canvas Overlay	Canvas Overlay	Canvas Overlay	Canvas Overlay	Canvas Overlay
Configs.CanvasOverlayConfig.CanvasOutsideAlpha.Label	Outside Dimming Alpha								
Configs.CanvasOverlayConfig.CanvasFillAlpha.Label	Canvas Fill Alpha								
Configs.CanvasOverlayConfig.CanvasTileSelectionAlpha.Label	Tile Selection Alpha								
Configs.CanvasOverlayConfig.CanvasOutsideColor.Label	Outside Dimming Color								
Configs.CanvasOverlayConfig.CanvasFillColor.Label	Canvas Fill Color								
Configs.CanvasOverlayConfig.CanvasTileSelectionColor.Label	Tile Selection Color								
Configs.CanvasOverlayConfig.MoldingOutsideAlpha.Label	Outside Dimming Alpha (Molding)								
Configs.CanvasOverlayConfig.MoldingCanvasFillAlpha.Label	Canvas Fill Alpha (Molding)								
Configs.CanvasOverlayConfig.MoldingTileSelectionAlpha.Label	Tile Selection Alpha (Molding)								
Configs.CanvasOverlayConfig.MoldingOutsideColor.Label	Outside Dimming Color (Molding)								
Configs.CanvasOverlayConfig.MoldingCanvasColor.Label	Canvas Fill Color (Molding)								
Configs.CanvasOverlayConfig.MoldingTileSelectionColor.Label	Tile Selection Color (Molding)								
Configs.PreferencesConfig.DisplayName	Preferences	Preferences	Preferences	Preferences	Preferences	Preferences	Preferences	Preferences	Preferences
Configs.PreferencesConfig.ShowLoreTooltips.Label	Show Lore Tooltips								
Configs.PreferencesConfig.ShowLoreTooltips.Tooltip	When enabled, holding Shift while hovering a wand shows its lore text.\nDisable to hide lore entirely.								
Configs.PreferencesConfig.EnableWandSounds.Label	Enable Wand Sound Effects								
Configs.PreferencesConfig.EnableWandSounds.Tooltip	When enabled, wands play custom sound effects on action success.\nDisable for silent operations.								
Configs.PreferencesConfig.MaxUndoStackSize.Label	Max Undo Stack Size								
Configs.PreferencesConfig.AllowChanneling.Label	Allow Channeling								
Configs.PreferencesConfig.AllowChannelingDust.Label	Show Channeling Dust								
Configs.PreferencesConfig.AllowChannelingSound.Label	Play Channeling Sounds								
Configs.PreferencesConfig.WandVerbosity.Label	Verbose Feedback								
Configs.PreferencesConfig.DefaultShapeType.Label	Default Shape								
Configs.PreferencesConfig.DefaultShapeMode.Label	Default Fill Mode								
Configs.PreferencesConfig.RainFillSummonsClouds.Label	Summon Rain Clouds								
Configs.PreferencesConfig.RainFillSpawnDusts.Label	Spawn Rain Dusts								
Configs.PreferencesConfig.LavaRainStyle.Label	Lava Rain Style								
Configs.PreferencesConfig.BlockExhaustion.Header	Block Exhaustion Behavior								
Configs.PreferencesConfig.BlockExhaustion.Label	When You Run Out of Blocks								
Configs.InfiniteOverride.ForceOff.Tooltip	""								
Configs.InfiniteOverride.ForceOff.Label	Force Off								
Configs.InfiniteOverride.ForceOn.Tooltip	""								
Configs.InfiniteOverride.ForceOn.Label	Force On								
Configs.InfiniteOverride.Default.Tooltip	""								
Configs.InfiniteOverride.Default.Label	Default								
Configs.InfiniteOverride.Tooltip	""								
Configs.OverlayRenderMode.Tooltip	""								
Configs.OverlayRenderMode.Auto.Label	Auto								
Configs.OverlayRenderMode.Auto.Tooltip	""								
Configs.OverlayRenderMode.AlwaysFullShape.Label	Always Full Shape								
Configs.OverlayRenderMode.AlwaysFullShape.Tooltip	""								
Configs.OverlayRenderMode.AlwaysBoundingBox.Label	Always Bounding Box								
Configs.OverlayRenderMode.AlwaysBoundingBox.Tooltip	""								
Configs.StampRenderMode.Tooltip	""								
Configs.StampRenderMode.Precise.Label	Precise								
Configs.StampRenderMode.Precise.Tooltip	""								
Configs.StampRenderMode.Smooth.Label	Smooth								
Configs.StampRenderMode.Smooth.Tooltip	""								
Configs.WandConfig.DisplayName	Wand Config								
Configs.WandConfig.EnableInfiniteResource.Label	Enable Infinite Resource								
Configs.WandConfig.EnableInfiniteResource.Tooltip	""								
Configs.WandConfig.InfiniteTileThreshold.Label	Infinite Tile Threshold								
Configs.WandConfig.InfiniteTileThreshold.Tooltip	""								
Configs.WandConfig.InfiniteWallThreshold.Label	Infinite Wall Threshold								
Configs.WandConfig.InfiniteWallThreshold.Tooltip	""								
Configs.WandConfig.InfiniteGrassSeedThreshold.Label	Infinite Grass Seed Threshold								
Configs.WandConfig.InfiniteGrassSeedThreshold.Tooltip	""								
Configs.WandConfig.InfiniteWireThreshold.Label	Infinite Wire Threshold								
Configs.WandConfig.InfiniteWireThreshold.Tooltip	""								
Configs.WandConfig.InfiniteActuatorThreshold.Label	Infinite Actuator Threshold								
Configs.WandConfig.InfiniteActuatorThreshold.Tooltip	""								
Configs.WandConfig.InfiniteTiles.Label	Infinite Tiles								
Configs.WandConfig.InfiniteTiles.Tooltip	""								
Configs.WandConfig.InfiniteWalls.Label	Infinite Walls								
Configs.WandConfig.InfiniteWalls.Tooltip	""								
Configs.WandConfig.InfiniteGrassSeeds.Label	Infinite Grass Seeds								
Configs.WandConfig.InfiniteGrassSeeds.Tooltip	""								
Configs.WandConfig.InfiniteWires.Label	Infinite Wires								
Configs.WandConfig.InfiniteWires.Tooltip	""								
Configs.WandConfig.InfiniteActuators.Label	Infinite Actuators								
Configs.WandConfig.InfiniteActuators.Tooltip	""								
Configs.WandConfig.SmallSelectionCap.Label	Small Selection Cap								
Configs.WandConfig.SmallSelectionCap.Tooltip	""								
Configs.WandConfig.BigSelectionCap.Label	Big Selection Cap								
Configs.WandConfig.BigSelectionCap.Tooltip	""								
Configs.WandConfig.HollowSelectionCap.Label	Hollow Selection Cap								
Configs.WandConfig.HollowSelectionCap.Tooltip	""								
Configs.WandConfig.CoatingSelectionCap.Label	Coating Wand Cap								
Configs.WandConfig.CoatingSelectionCap.Tooltip	""								
Configs.WandConfig.SuppressDrops.Label	Suppress Drops								
Configs.WandConfig.SuppressDrops.Tooltip	""								
Configs.WandConfig.BypassPickaxePower.Label	Bypass Pickaxe Power								
Configs.WandConfig.BypassPickaxePower.Tooltip	""								
Configs.WandConfig.AllowDemonAltarDestruction.Label	Allow Demon Altar Destruction								
Configs.WandConfig.AllowDemonAltarDestruction.Tooltip	""								
Configs.WandConfig.AllowDelicateTileDestruction.Label	Allow Delicate Tile Destruction								
Configs.WandConfig.AllowDelicateTileDestruction.Tooltip	""								
Configs.WandConfig.IgnoreLockedKeyRequirements.Label	Ignore Locked Key Requirements								
Configs.WandConfig.IgnoreLockedKeyRequirements.Tooltip	""								
Configs.WandConfig.AutoOpenChestsOnDestruction.Label	Auto Open Chests On Destruction								
Configs.WandConfig.AutoOpenChestsOnDestruction.Tooltip	""								
Configs.WandConfig.VacuumItems.Label	Vacuum Items								
Configs.WandConfig.VacuumItems.Tooltip	""								
Configs.WandConfig.EnableUndoCommand.Label	Enable Undo Commands								
Configs.WandConfig.EnableUndoCommand.Tooltip	""								
Configs.WandConfig.MaxOutlineThickness.Label	Max Outline Thickness								
Configs.WandConfig.MaxOutlineThickness.Tooltip	""								
Configs.WandConfig.EnableProgressiveMode.Label	Enable Progressive Mode								
Configs.WandConfig.EnableProgressiveMode.Tooltip	""								
Configs.WandConfig.ProgressiveBatchSize.Label	Progressive Batch Size								
Configs.WandConfig.ProgressiveBatchSize.Tooltip	""								
Configs.WandConfig.ProgressiveInterval.Label	Progressive Interval								
Configs.WandConfig.ProgressiveInterval.Tooltip	""								
Configs.WandConfig.ShowLoreTooltips.Label	Show Lore Tooltips								
Configs.WandConfig.ShowLoreTooltips.Tooltip	""								
Configs.WandConfig.SafekeepingClearThreshold.Label	Safekeeping Clear Threshold								
Configs.WandConfig.SafekeepingClearThreshold.Tooltip	""								
Configs.WandConfig.EnableWandSounds.Label	Enable Wand Sounds								
Configs.WandConfig.EnableWandSounds.Tooltip	""								
Configs.WandConfig.OverlayRenderMode.Label	Overlay Render Mode								
Configs.WandConfig.OverlayRenderMode.Tooltip	""								
Configs.WandConfig.IsInfiniteForWires.Label	Is Infinite For Wires								
Configs.WandConfig.IsInfiniteForWires.Tooltip	""								
Configs.WandConfig.IsInfiniteForActuators.Label	Is Infinite For Actuators								
Configs.WandConfig.IsInfiniteForActuators.Tooltip	""								
Configs.WandConfig.EnableCarefreeMode.Label	Enable Carefree Mode								
Configs.WandConfig.EnableCarefreeMode.Tooltip	""								
Configs.WandConfig.CarefreeSuppressDrops.Label	Carefree: Suppress Drops								
Configs.WandConfig.CarefreeSuppressDrops.Tooltip	""								
Configs.WandConfig.CarefreeAllowDemonAltarDestruction.Label	Carefree: Allow Demon Altar Destruction								
Configs.WandConfig.CarefreeAllowDemonAltarDestruction.Tooltip	""								
Configs.WandConfig.CarefreeAllowDelicateTileDestruction.Label	Carefree: Allow Delicate Tile Destruction								
Configs.WandConfig.CarefreeAllowDelicateTileDestruction.Tooltip	""								
Configs.NonOceanWaterproofTorch.CoralTorch.Label	Coral Torch								
Configs.NonOceanWaterproofTorch.CoralTorch.Tooltip	""								
Configs.NonOceanWaterproofTorch.IchorTorch.Tooltip	""								
Configs.NonOceanWaterproofTorch.IchorTorch.Label	Ichor Torch								
Configs.NonOceanWaterproofTorch.CursedTorch.Tooltip	""								
Configs.NonOceanWaterproofTorch.CursedTorch.Label	Cursed Torch								
Configs.NonOceanWaterproofTorch.EvilTorch.Tooltip	""								
Configs.NonOceanWaterproofTorch.EvilTorch.Label	Evil Torch								
Configs.NonOceanWaterproofTorch.Tooltip	""								
Configs.OceanWaterproofTorch.IchorTorch.Tooltip	""								
Configs.OceanWaterproofTorch.IchorTorch.Label	Ichor Torch								
Configs.OceanWaterproofTorch.CursedTorch.Tooltip	""								
Configs.OceanWaterproofTorch.CursedTorch.Label	Cursed Torch								
Configs.OceanWaterproofTorch.EvilTorch.Tooltip	""								
Configs.OceanWaterproofTorch.EvilTorch.Label	Evil Torch								
Configs.OceanWaterproofTorch.CoralTorch.Tooltip	""								
Configs.OceanWaterproofTorch.CoralTorch.Label	Coral Torch								
Configs.OceanWaterproofTorch.Tooltip	""								
Configs.ShapeMode.Hollow.Tooltip	""								
Configs.ShapeMode.Hollow.Label	Hollow								
Configs.ShapeMode.Filled.Tooltip	""								
Configs.ShapeMode.Filled.Label	Filled								
Configs.ShapeMode.Tooltip	""								
Configs.ShapeType.Mold.Tooltip	""								
Configs.ShapeType.Mold.Label	Mold								
Configs.ShapeType.StraightLine.Tooltip	""								
Configs.ShapeType.StraightLine.Label	Straight Line								
Configs.ShapeType.CardinalLine.Tooltip	""								
Configs.ShapeType.CardinalLine.Label	Cardinal Line								
Configs.ShapeType.Elbow.Tooltip	""								
Configs.ShapeType.Elbow.Label	Elbow								
Configs.ShapeType.Triangle.Tooltip	""								
Configs.ShapeType.Triangle.Label	Triangle								
Configs.ShapeType.Diamond.Tooltip	""								
Configs.ShapeType.Diamond.Label	Diamond								
Configs.ShapeType.Ellipse.Tooltip	""								
Configs.ShapeType.Ellipse.Label	Ellipse								
Configs.ShapeType.Rectangle.Tooltip	""								
Configs.ShapeType.Rectangle.Label	Rectangle								
Configs.ShapeType.Tooltip	""								
Configs.LavaRainStyle.Embers.Label	Embers								
Configs.LavaRainStyle.Embers.Tooltip	Bright glowing core only — crisp, low-density (default).								
Configs.LavaRainStyle.SolarFlare.Label	Solar Flare								
Configs.LavaRainStyle.SolarFlare.Tooltip	Slower, larger, dreamier blobs.								
Configs.LavaRainStyle.Both.Label	Both								
Configs.LavaRainStyle.Both.Tooltip	Combined layered look — denser, busier.								
Configs.LavaRainStyle.Tooltip	""								
Configs.BlockExhaustionMode.NextBlock.Label	Next Block								
Configs.BlockExhaustionMode.NextBlock.Tooltip	Auto-switch to the next matching block in inventory and continue (default).								
Configs.BlockExhaustionMode.Cancel.Label	Cancel								
Configs.BlockExhaustionMode.Cancel.Tooltip	Pre-check stock and refuse to start unless every tile can be placed.								
Configs.BlockExhaustionMode.Interrupt.Label	Interrupt								
Configs.BlockExhaustionMode.Interrupt.Tooltip	Stop at the first missing block, leaving placed tiles in place.								
Configs.BlockExhaustionMode.Tooltip	""								
Items.WandOfDismantlingInstant.Tooltip	""		""	""					
Items.WandOfDismantlingInstant.DisplayName	Wand Of Dismantling Instant		Varita de Desmantelamiento (Instantáneo)	Baguette de démantèlement (Instantanée)					
Items.WandOfDismantlingSelect.Tooltip	""		""	""					
Items.WandOfDismantlingSelect.DisplayName	Wand Of Dismantling Select		Varita de Desmantelamiento (Selección)	Baguette de démantèlement (Sélection)					
Items.WandOfDismantlingConfirm.Tooltip	""		""	""					
Items.WandOfDismantlingConfirm.DisplayName	Wand Of Dismantling Confirm		Varita de Desmantelamiento (Confirmar)	Baguette de démantèlement (Confirmation)					
Items.WandOfBuildingInstant.DisplayName	Wand of Building (Instant)		Varita de Construcción (Instantáneo)	Baguette de construction (Instantanée)					
Items.WandOfBuildingInstant.Tooltip	Places tiles in a selected area		Coloca Bloques en un área seleccionada	Place des blocs dans une zone sélectionnée					
Items.WandOfBuildingSelect.DisplayName	Wand of Building (Select)		Varita de Construcción (Selección)	Baguette de construction (Sélection)					
Items.WandOfBuildingSelect.Tooltip	Places tiles in a selected area		Coloca Bloques en un área seleccionada	Place des blocs dans une zone sélectionnée					
Items.WandOfBuildingConfirm.DisplayName	Wand of Building (Confirm)		Varita de Construcción (Confirmar)	Baguette de construction (Confirmation)					
Items.WandOfBuildingConfirm.Tooltip	Places tiles in a selected area		Coloca Bloques en un área seleccionada	Place des blocs dans une zone sélectionnée					
Items.WandOfReplacementInstant.DisplayName	Wand of Replacement (Instant)		Varita de Reemplazo (Instantáneo)	Baguette de remplacement (Instantanée)					
Items.WandOfReplacementInstant.Tooltip	Replaces tiles in a selected area		Reemplaza Bloques en un área seleccionada	Remplace des blocs dans une zone sélectionnée					
Items.WandOfReplacementSelect.DisplayName	Wand of Replacement (Select)		Varita de Reemplazo (Selección)	Baguette de remplacement (Sélection)					
Items.WandOfReplacementSelect.Tooltip	Replaces tiles in a selected area		Reemplaza Bloques en un área seleccionada	Remplace des blocs dans une zone sélectionnée					
Items.WandOfReplacementConfirm.DisplayName	Wand of Replacement (Confirm)		Varita de Reemplazo (Confirmar)	Baguette de remplacement (Confirmation)					
Items.WandOfReplacementConfirm.Tooltip	Replaces tiles in a selected area		Reemplaza Bloques en un área seleccionada	Remplace des blocs dans une zone sélectionnée					
Items.WandOfWiringInstant.DisplayName	Wand of Wiring (Instant)		Varita de Cableado (Instantáneo)	Baguette de câblage (Instantanée)					
Items.WandOfWiringInstant.Tooltip	Places or removes wires and actuators in a selected area		Coloca o quita cables y actuadores en un área seleccionada	Place ou retire des fils et des actionneurs dans une zone sélectionnée					
Items.WandOfWiringSelect.DisplayName	Wand of Wiring (Select)		Varita de Cableado (Selección)	Baguette de câblage (Sélection)					
Items.WandOfWiringSelect.Tooltip	Places or removes wires and actuators in a selected area		Coloca o quita cables y actuadores en un área seleccionada	Place ou retire des fils et des actionneurs dans une zone sélectionnée					
Items.WandOfWiringConfirm.DisplayName	Wand of Wiring (Confirm)		Varita de Cableado (Confirmar)	Baguette de câblage (Confirmation)					
Items.WandOfWiringConfirm.Tooltip	Places or removes wires and actuators in a selected area		Coloca o quita cables y actuadores en un área seleccionada	Place ou retire des fils et des actionneurs dans une zone sélectionnée					
Items.WandOfBuildingStamp.DisplayName	Wand of Building (Stamp)		Varita de Construcción (Sello)	Baguette de construction (Tampon)					
Items.WandOfBuildingStamp.Tooltip	Define a shape once, then stamp it repeatedly		Define una forma una vez, luego repítela con el sello	Définissez une forme une fois, puis reproduisez-la avec le tampon					
Items.WandOfDismantlingStamp.Tooltip	""		""	""					
Items.WandOfDismantlingStamp.DisplayName	Wand Of Dismantling Stamp		Varita de Desmantelamiento (Sello)	Baguette de démantèlement (Tampon)					
Items.WandOfReplacementStamp.DisplayName	Wand of Replacement (Stamp)		Varita de Reemplazo (Sello)	Baguette de remplacement (Tampon)					
Items.WandOfReplacementStamp.Tooltip	Define a replacement area once, then stamp it repeatedly		Define un área de reemplazo una vez, luego repítela con el sello	Définissez une zone de remplacement une fois, puis reproduisez-la avec le tampon					
Items.WandOfWiringStamp.DisplayName	Wand of Wiring (Stamp)		Varita de Cableado (Sello)	Baguette de câblage (Tampon)					
Items.WandOfWiringStamp.Tooltip	Define a wiring area once, then stamp it repeatedly		Define un área de cableado una vez, luego repítela con el sello	Définissez une zone de câblage une fois, puis reproduisez-la avec le tampon					
Items.WandOfSafekeepingInstant.DisplayName	Wand of Safekeeping (Instant)		Varita de Preservación (Instantánea)	Baguette de préservation (Instantanée)					
Items.WandOfSafekeepingSelect.DisplayName	Wand of Safekeeping (Select)		Varita de Preservación (Selección)	Baguette de préservation (Sélection)					
Items.WandOfSafekeepingConfirm.DisplayName	Wand of Safekeeping (Confirm)		Varita de Preservación (Confirmar)	Baguette de préservation (Confirmation)					
Items.WandOfSafekeepingStamp.DisplayName	Wand of Safekeeping (Stamp)		Varita de Preservación (Sello)	Baguette de préservation (Tampon)					
Items.WandOfCoatingInstant.DisplayName	Wand of Coating (Instant)								
Items.WandOfCoatingInstant.Tooltip	Paints, scrapes, or de-mosses tiles and walls in a selected area								
Items.WandOfCoatingSelect.DisplayName	Wand of Coating (Select)								
Items.WandOfCoatingSelect.Tooltip	Paints, scrapes, or de-mosses tiles and walls in a selected area								
Items.WandOfCoatingConfirm.DisplayName	Wand of Coating (Confirm)								
Items.WandOfCoatingConfirm.Tooltip	Paints, scrapes, or de-mosses tiles and walls in a selected area								
Items.WandOfCoatingStamp.DisplayName	Wand of Coating (Stamp)								
Items.WandOfCoatingStamp.Tooltip	Define a coating area once, then stamp it repeatedly								
Items.WandOfFluidsConfirm.DisplayName	Wand Of Fluids Confirm								
Items.WandOfFluidsConfirm.Tooltip	""								
Items.WandOfFluidsInstant.DisplayName	Wand Of Fluids Instant								
Items.WandOfFluidsInstant.Tooltip	""								
Items.WandOfFluidsSelect.DisplayName	Wand Of Fluids Select								
Items.WandOfFluidsSelect.Tooltip	""								
Items.WandOfFluidsStamp.DisplayName	Wand Of Fluids Stamp								
Items.WandOfFluidsStamp.Tooltip	""								
Items.WandOfTorchesInstant.DisplayName	Wand of Torches (Instant)								
Items.WandOfTorchesInstant.Tooltip	Places torches in a tiling pattern across a selected area								
Items.WandOfTorchesSelect.DisplayName	Wand of Torches (Select)								
Items.WandOfTorchesSelect.Tooltip	Places torches in a tiling pattern across a selected area								
Items.WandOfTorchesConfirm.DisplayName	Wand of Torches (Confirm)								
Items.WandOfTorchesConfirm.Tooltip	Places torches in a tiling pattern across a selected area								
Items.WandOfTorchesStamp.DisplayName	Wand of Torches (Stamp)								
Items.WandOfTorchesStamp.Tooltip	Define a torch pattern once, then stamp it repeatedly								
Items.TorchWheelWandSolid.DisplayName	Torch Wheel Wand (Tiles)								
Items.TorchWheelWandSolidPlatforms.DisplayName	Torch Wheel Wand (Platforms)								
Items.WandOfDelimitationInstant.DisplayName	Wand of Delimitation (Instant)								
Items.WandOfDelimitationInstant.Tooltip	Defines canvas and selection regions using geometric shapes								
Items.WandOfDelimitationSelect.DisplayName	Wand of Delimitation (Select)								
Items.WandOfDelimitationSelect.Tooltip	Defines canvas and selection regions using geometric shapes								
Items.WandOfDelimitationConfirm.DisplayName	Wand of Delimitation (Confirm)								
Items.WandOfDelimitationConfirm.Tooltip	Defines canvas and selection regions using geometric shapes								
Items.WandOfDelimitationStamp.DisplayName	Wand of Delimitation (Stamp)								
Items.WandOfDelimitationStamp.Tooltip	Define a selection shape once, then stamp it repeatedly								
Items.TorchWheelWandPlatform.DisplayName	Torch Wheel Wand (Platform)								
Items.TorchWheelWandPlatform.Tooltip	""								
Items.WandOfMoldingInstant.DisplayName	Wand of Molding (Instant)								
Items.WandOfMoldingInstant.Tooltip	Sculpts custom shapes from geometric primitives for use with Stamp wands								
Items.WandOfMoldingSelect.DisplayName	Wand of Molding (Select)								
Items.WandOfMoldingSelect.Tooltip	Sculpts custom shapes from geometric primitives for use with Stamp wands								
Items.WandOfMoldingConfirm.DisplayName	Wand of Molding (Confirm)								
Items.WandOfMoldingConfirm.Tooltip	Sculpts custom shapes from geometric primitives for use with Stamp wands								
Items.WandOfMoldingStamp.DisplayName	Wand of Molding (Stamp)								
Items.WandOfMoldingStamp.Tooltip	Define a mold shape once, then stamp it repeatedly								
Messages.SelectionCancelled	Selection cancelled.		Selección cancelada.	Sélection annulée.					
Messages.SwitchedToMode	Switched to {0} mode		Cambiado a modo {0}	Passage en mode {0}					
Messages.ThicknessChanged	Thickness: {0} — {1}		Grosor: {0} — {1}	Épaisseur : {0} — {1}					
Messages.StampUnlocked	Stamp unlocked. Click to set new anchor.		Sello retirado. Haz clic para establecer un nuevo anclaje.	Tampon relâché. Cliquez pour définir un nouvel ancrage.					
Messages.SelectionUnlocked	Selection unlocked. Move to adjust end point.		Selección desbloqueada. Muévete para ajustar el punto final.	Sélection déverrouillée. Déplacez-vous pour ajuster le point final.					
Messages.SelectionCleared	Selection cleared.		Selección borrada.	Sélection effacée.					
Messages.ModeInstant	Click and drag to select area		Haz clic y arrastra para seleccionar área	Cliquez et faites glisser pour sélectionner une zone					
Messages.ModeSelect	Click start, then click end		Haz clic en inicio, luego en fin	Cliquez sur le début, puis sur la fin					
Messages.ModeConfirm	Click start, click end, click to confirm		Haz clic en inicio, en fin, y luego haz clic para confirmar	Cliquez sur le début, sur la fin, puis cliquez pour confirmer					
Messages.ModeStamp	Click start, click end, click to lock stamp, click to repeat		Haz clic en inicio, en fin, haz clic para sellar la forma y posición, luego haz clic para repetir	Cliquez sur le début, sur la fin, cliquez pour sceller la forme et la position, puis cliquez pour répéter					
Messages.CycleHint	Right-click in inventory to cycle modes		Haz clic derecho en el inventario para cambiar de modo	Cliquez droit dans l'inventaire pour changer de mode					
Messages.PickaxeHint	Uses your strongest pickaxe for tile power checks		Usa tu pico más fuerte para verificaciones de poder de bloque	Utilise votre pioche la plus puissante pour les vérifications de puissance de bloc					
Messages.ObtainHint	"[c/AAAAAA:Obtain other modes by right-clicking this wand in your inventory]"		"[c/AAAAAA:Obtén otros modos haciendo clic derecho en esta varita en tu inventario]"	"[c/AAAAAA:Obtenez d'autres modes en cliquant droit sur cette baguette dans votre inventaire]"					
Messages.NoSuitableItem	No suitable item found for {0}.		No se encontró un objeto adecuado para {0}.	Aucun objet approprié trouvé pour {0}.					
Messages.NeedHave	Need {0} {1}, have {2}. Operation cancelled.		Necesitas {0} {1}, tienes {2}. Operación cancelada.	Besoin de {0} {1}, vous en avez {2}. Opération annulée.					
Messages.NoTilesPlaced	No tiles could be placed.		No se pudo colocar ningún bloque.	Aucun bloc n'a pu être placé.					
Messages.NoWallItemFound	No wall item found in inventory.		No se encontró ningún objeto de pared en el inventario.	Aucun objet de mur trouvé dans l'inventaire.					
Messages.NoWallsPlaced	No walls could be placed.		No se pudo colocar ninguna pared.	Aucun mur n'a pu être placé.					
Messages.NoTilesDestroyed	No tiles were destroyed.		No se destruyó ningún bloque.	Aucun bloc n'a été détruit.					
Messages.VoidRequiresCarefree	Void Everything requires Carefree Mode to be enabled.								
Messages.VoidSinglePlayerOnly	Void Everything is currently only available in single-player.								
Messages.NoSelectionActive	No selection is active. Use a wand to select an area first.								
Messages.NothingToVoid	Nothing to void in the selected area.								
Messages.NoSourceItems	No {0} items in inventory to identify source tile.		No hay objetos de {0} en el inventario para identificar el bloque de origen.	Aucun objet de {0} dans l'inventaire pour identifier le bloc source.					
Messages.SameSourceTarget	Source and target are the same tile [i:{0}].		El origen y el destino son el mismo bloque [i:{0}].	La source et la cible sont le même bloc [i:{0}].					
Messages.NoTargetItems	No {0} items found in inventory.		No se encontraron objetos de {0} en el inventario.	Aucun objet de {0} trouvé dans l'inventaire.					
Messages.NoSourceInSelection	No {0} found in selection.		No se encontró {0} en la selección.	Aucun {0} trouvé dans la sélection.					
Messages.NeedTargetItems	Need {0} [i:{1}], have {2}.		Necesitas {0} [i:{1}], tienes {2}.	Besoin de {0} [i:{1}], vous en avez {2}.					
Messages.NoTilesReplaced	No tiles could be replaced.		No se pudo reemplazar ningún bloque.	Aucun bloc n'a pu être remplacé.					
Messages.SourceMustBeWall	Source type must be Wall for wall replacement.		El tipo de origen debe ser Pared para reemplazar paredes.	Le type source doit être Mur pour remplacer des murs.					
Messages.NoWallSourceItems	No wall items in inventory to identify source wall.		No hay objetos de pared en el inventario para identificar la pared de origen.	Aucun objet de mur dans l'inventaire pour identifier le mur source.					
Messages.TargetMustBeWallOrAir	Target type must be Wall or Air (Remove) for wall replacement.		El tipo de destino debe ser Pared o Aire (Eliminar) para reemplazar paredes.	Le type cible doit être Mur ou Air (Supprimer) pour remplacer des murs.					
Messages.SameWallSourceTarget	Source and target are the same wall [i:{0}].		El origen y el destino son la misma pared [i:{0}].	La source et la cible sont le même mur [i:{0}].					
Messages.NoWallTargetItems	No wall items found for target.		No se encontraron objetos de pared para el destino.	Aucun objet de mur trouvé pour la cible.					
Messages.NoSourceWallsInSelection	No {0} walls found in selection.		No se encontraron paredes de {0} en la selección.	Aucun mur {0} trouvé dans la sélection.					
Messages.NoWallsReplaced	No walls could be replaced.		No se pudo reemplazar ninguna pared.	Aucun mur n'a pu être remplacé.					
Messages.NoWiresSelected	No wires or actuators selected.		No se seleccionaron cables ni actuadores.	Aucun fil ou actionneur sélectionné.					
Messages.NoWireInInventory	No wire in inventory.		No hay cable en el inventario.	Aucun fil dans l'inventaire.					
Messages.NoActuatorsInInventory	No actuators in inventory.		No hay actuadores en el inventario.	Aucun actionneur dans l'inventaire.					
Messages.WiresPlaced	Placed {0} wire segments.		Se colocaron {0} segmentos de cable.	"{0} segments de fil placés."					
Messages.WiresRemoved	Removed {0} wire segments.		Se eliminaron {0} segmentos de cable.	"{0} segments de fil retirés."					
Messages.NoWiringChanges	No changes made.		No se realizaron cambios.	Aucune modification effectuée.					
Messages.NoProtectionTargets	No protection targets selected (tiles or walls).		No se seleccionaron objetivos de protección (bloques o paredes).	Aucune cible de protection sélectionnée (blocs ou murs).					
Messages.NoPositionsToProtect	No positions to protect in selection.		No hay posiciones para proteger en la selección.	Aucune position à protéger dans la sélection.					
Messages.NoProtectedPositions	No protected positions in selection.		No hay posiciones protegidas en la selección.	Aucune position protégée dans la sélection.					
Messages.ClearedProtection	Cleared all protection ({0} tiles, {1} walls).		Se desprotegió todo ({0} bloques, {1} paredes).	Toute protection a été retirée ({0} blocs, {1} murs).					
Messages.ClearConfirmPrompt	Click again to clear {0} tile(s) and {1} wall(s).		Haz clic de nuevo para desproteger {0} bloque(s) y {1} pared(es).	Cliquez à nouveau pour déprotéger {0} bloc(s) et {1} mur(s).					
Messages.Undone	Undone: {0} ({1} tiles)		retirado: {0} ({1} bloques)	Annulé : {0} ({1} blocs)					
Messages.CoatingNoChanges	No changes made.								
Messages.CoatingPaintedTiles	Painted {0} tiles.								
Messages.CoatingPaintedWalls	Painted {0} walls.								
Messages.CoatingScrapedPaint	Scraped paint from {0} positions.								
Messages.CoatingScrapedMoss	Removed moss from {0} tiles.								
Messages.CoatingHarvestedMoss	Harvested moss from {0} tiles.								
Messages.NoTilesInSelection	No tiles in selection area.								
Messages.DelimitationFilterActive	No action executed. Delimitation Area is active and does not overlap with the selection.								
Messages.FluidsNoTiles	No tiles in selection.								
Messages.FluidsInvalidRegion	Invalid region.								
Messages.FluidsNoSeeds	No valid seed positions — all top tiles are solid.								
Messages.FluidsNoBasins	No basins found — liquid cannot settle in this terrain.								
Messages.FluidsNoPockets	No enclosed pockets found in this terrain.								
Messages.FluidsFilled	Filled {0} tiles with {1}.								
Messages.FluidsRainFilled	Rain Fill: {0} tiles filled ({1} columns seeded, {2} basins analyzed).								
Messages.FluidsPocketFilled	Pocket Fill: {0} tiles filled ({1} pocket cells analyzed).								
Messages.FluidsDrained	Drained {0} tiles.								
Messages.FluidsBubblePlaced	Placed {0} bubble blocks.								
Messages.FluidsBubbleRemoved	Removed {0} bubble blocks.								
Messages.FluidsBubbleCoated	Coated selection with {0} bubble blocks.								
Messages.FluidsMixed	Mixed {0} tiles into blocks + filled {1} tiles with {2}.								
Messages.FluidsMixedOnly	Mixed {0} tiles into blocks.								
Messages.TorchesNoTorchItem	No torch found in inventory.								
Messages.TorchesNoValidPositions	No valid torch positions in selection.								
Messages.TorchesNonePlaced	No torches could be placed.								
Messages.TorchesPlaced	Placed {0} torches.								
Messages.TorchesNoneReplaced	No torches were replaced.								
Messages.TorchesReplaced	Replaced {0} torches.								
Messages.TorchesNoneRemoved	No torches found to remove.								
Messages.TorchesRemoved	Removed {0} torches.								
Messages.TorchesNoneConverted	No torches to convert (already biome-matched).								
Messages.TorchesConverted	Converted {0} torches to biome variant.								
Messages.SelectStartClickEnd	Selection started. Click to set end point.			Sélection démarrée. Cliquez pour définir le point final.					
Messages.SelectStartClickAgain	Selection started. Click again to {0}.			Sélection démarrée. Cliquez à nouveau pour {0}.					
Messages.ClickToConfirm	Click again to confirm.			Cliquez à nouveau pour confirmer.					
Messages.ClickToConfirmOrCancel	Click again to confirm, or right-click to cancel.			Cliquez à nouveau pour confirmer, ou clic droit pour annuler.					
Messages.EndPointSet	End point set. Click again to confirm.		Punto final establecido. Haz clic de nuevo para confirmar.	Point final défini. Cliquez à nouveau pour confirmer.					
Messages.StampClickEnd	Stamp: click to set end point.			Tampon : cliquez pour définir le point final.					
Messages.StampClickLock	Stamp: click to lock anchor position.			Tampon : cliquez pour fixer la position de l'ancrage.					
Messages.StampLocked	Stamp locked! Click to {0}. Right-click to reset.		¡Sello establecido! Haz clic para {0}. Clic derecho para reiniciar.	Tampon défini ! Cliquez pour {0}. Clic droit pour réinitialiser.					
Messages.SuppressDropsOn	Suppress Drops: ON — tile drops are suppressed.								
Messages.SuppressDropsOff	Suppress Drops: OFF — tile drops are enabled.								
Messages.SelectClickEnd	Selection: click to set end point.								
Messages.SelectClickConfirm	Selection: click to confirm and apply.								
Messages.NoTilesInShape	No tiles in shape.								
Messages.MoldingHintTooFar	No cells added — canvas is far away. Use 'Teleport to Player' in the Molding panel to bring it closer.								
Messages.MoldingHintExpandCanvas	No cells added — shape is outside the canvas. Switch to Canvas Edit mode to expand the canvas first.								
Messages.MoldingNoChange	Mold: no change (tiles already match the current selection).								
Messages.LoreCommon	The Gods of Space let you enact your thoughts into reality.								
Messages.LoreBuilding	The Deity of Creation lets you manifest order and existence at will.								
Messages.LoreDismantling	The Deity of Erasure lets you restore nothingness as you wish.								
Messages.LoreReplacement	The Deity of Transmutation lets you reweave the threads of what already is.								
Messages.LoreWiring	An advanced mechanism wrench, refined beyond the Grand Design. Where gods shape matter, engineers shape purpose.								
Messages.LoreSafekeeping	The Deity of Timelessness lets you separate space from the powers of creation.								
Messages.LoreCoating	The Deity of Chromas lets you dress the world in colours of your choosing.								
Messages.LoreFluids	The Deity of Tides lets you command the flowing matter.								
Messages.LoreTorches	The Torch God lets you spread light across the world with ease. Or awaken their wrath if you dare.								
Messages.LoreDelimitation	The Architect of Boundaries lets you define the canvas of creation.								
Messages.LoreMolding	The Sculptor of Forms lets you mold the blueprints of creation.								
Messages.LoreShiftHint	"[c/888888:Hold [Shift] for lore]"								
Messages.TorchWheelModeTiles	"[c/FFFF00:Mode: Tiles]"								
Messages.TorchWheelModePlatforms	"[c/ADD8E6:Mode: Platforms]"								
Messages.TorchWheelCycleHint	Right-click in inventory to cycle modes								
Messages.TorchWheelKillHint	Shift + Right-click (held) to kill all projectiles								
Messages.TorchWheelSwitchToTiles	Torch Wheel Mode: Tiles								
Messages.TorchWheelSwitchToPlatforms	Torch Wheel Mode: Platforms								
GameTips.VacuumItems	WSW: Don't like picking up items? Activate 'vacuum items' in the config.		WSW: ¿Cansado de recoger objetos? Activa 'aspirar objetos' en la configuración.	WSW: Marre de ramasser les objets ? Activez 'aspirer les objets' dans la configuration.					
GameTips.IceBiomeReplacement	WSW: The Ice Biome got corrupted? Use the Wand of Replacement to swap them for snow. It's immune!		WSW: ¿El Bioma de Hielo se corrompió? Usa la Varita de Reemplazo para cambiarlos por nieve. ¡Es inmune!	WSW: Le Biome de Glace a été corrompu ? Utilisez la Baguette de Remplacement pour les échanger contre de la neige. C'est immunisé !					
GameTips.GitHubContributions	WSW: Got any bugs? Ideas? Feedback or Art? Check the github repo! Contributions are very welcome.		WSW: ¿Tienes algún bug? ¿Ideas? ¿Feedback o Arte? ¡Revisa el repositorio de github! Las contribuciones son muy bienvenidas.	WSW: Vous avez des bugs ? Des idées ? Des retours ou de l'art ? Consultez le dépôt github ! Les contributions sont les bienvenues.					
